{
  "hash": "747bece9",
  "configHash": "74b9e7c6",
  "lockfileHash": "d3e52401",
  "browserHash": "a8c19384",
  "optimized": {
    "@angular/core": {
      "src": "../../../../../node_modules/@angular/core/fesm2022/core.mjs",
      "file": "@angular_core.js",
      "fileHash": "44192988",
      "needsInterop": false
    },
    "@angular/platform-browser": {
      "src": "../../../../../node_modules/@angular/platform-browser/fesm2022/platform-browser.mjs",
      "file": "@angular_platform-browser.js",
      "fileHash": "cca245e0",
      "needsInterop": false
    },
    "@angular/router": {
      "src": "../../../../../node_modules/@angular/router/fesm2022/router.mjs",
      "file": "@angular_router.js",
      "fileHash": "3137720a",
      "needsInterop": false
    },
    "@angular/common": {
      "src": "../../../../../node_modules/@angular/common/fesm2022/common.mjs",
      "file": "@angular_common.js",
      "fileHash": "dd9975f1",
      "needsInterop": false
    }
  },
  "chunks": {
    "chunk-WU2NOARP": {
      "file": "chunk-WU2NOARP.js"
    },
    "chunk-CB6IC6GE": {
      "file": "chunk-CB6IC6GE.js"
    },
    "chunk-ZU5J2OK7": {
      "file": "chunk-ZU5J2OK7.js"
    }
  }
}